,Player Name,Pos.,Age,Avg. Salary,Transfer Fee,Expires,team,time,salary,time_toex
0,Alexandre Lacazette,F,30.0,9466673.0,45050000.0,2022,arsenal-fc,5,47333365.0,1
1,Pierre-Emerick Aubameyang,F,32.0,13000000.0,57380000.0,2023,arsenal-fc,3,39000000.0,2
2,Thomas Partey,M,28.0,13000000.0,55000000.0,2023,arsenal-fc,3,39000000.0,2
3,Nicolas Pepe,F,26.0,7280000.0,91200000.0,2024,arsenal-fc,5,36400000.0,3
4,Willian da Silva,M,32.0,10000000.0,0.0,2023,arsenal-fc,3,30000000.0,2
5,Hector Bellerin,D,26.0,5720000.0,0.0,2023,arsenal-fc,5,28600000.0,2
6,Granit Xhaka,M,28.0,5200000.0,36000000.0,2023,arsenal-fc,5,26000000.0,2
7,Bernd Leno,GK,29.0,5200000.0,19200000.0,2023,arsenal-fc,5,26000000.0,2
8,Gabriel Martinelli,F,20.0,4680000.0,7640000.0,2025,arsenal-fc,5,23400000.0,4
9,Sead Kolasinac,D,28.0,5200000.0,0.0,2022,arsenal-fc,4,20800000.0,1
10,Lucas Torreira,M,25.0,3900000.0,26000000.0,2023,arsenal-fc,5,19500000.0,2
11,Pablo Marí,D,27.0,4420000.0,8800000.0,2024,arsenal-fc,4,17680000.0,3
12,Cedric Soares,D,29.0,3900000.0,0.0,2024,arsenal-fc,4,15600000.0,3
13,Gabriel Magalhães,D,23.0,2600000.0,28600000.0,2025,arsenal-fc,5,13000000.0,4
14,Edward Nketiah,F,22.0,2340000.0,0.0,2022,arsenal-fc,5,11700000.0,1
15,Mohamed Elneny,M,29.0,2600000.0,10630000.0,2022,arsenal-fc,4,10400000.0,1
16,Calum Chambers,D,26.0,2600000.0,17700000.0,2022,arsenal-fc,4,10400000.0,1
17,Matteo Guendouzi,M,22.0,2080000.0,7000000.0,2023,arsenal-fc,5,10400000.0,2
18,William Saliba,D,20.0,2080000.0,34200000.0,2024,arsenal-fc,5,10400000.0,3
19,Ainsley Maitland-Niles,M,,1820000.0,0.0,2023,arsenal-fc,5,9100000.0,2
20,Rúnar Alex Rúnarsson,GK,26.0,2080000.0,2200000.0,2024,arsenal-fc,4,8320000.0,3
21,Konstantinos Mavropanos,D,23.0,1191667.0,1890000.0,2023,arsenal-fc,6,7150000.0,2
22,Rob Holding,D,25.0,1300000.0,2600000.0,2025,arsenal-fc,5,6500000.0,4
23,Joe Willock,M,21.0,1040000.0,0.0,2023,arsenal-fc,4,4160000.0,2
24,Bukayo Saka,F,19.0,520000.0,0.0,2024,arsenal-fc,4,2080000.0,3
25,Kieran Tierney,D,24.0,0.0,30780000.0,2026,arsenal-fc,5,0.0,5
26,Emile Smith Rowe,M,21.0,0.0,0.0,2026,arsenal-fc,5,0.0,5
27,Martin Ødegaard,M,22.0,0.0,0.0,0,arsenal-fc,1,0.0,-2021
28,Nuno Tavares,D,21.0,0.0,8800000.0,0,arsenal-fc,0,0.0,-2021
29,Arthur Okonkwo,GK,19.0,0.0,0.0,2024,arsenal-fc,3,0.0,3
30,Albert Sambi Lokonga,M,21.0,0.0,19250000.0,2026,arsenal-fc,5,0.0,5
31,Jack Grealish,M,25.0,6240000.0,0.0,2025,aston-villa-fc,5,31200000.0,4
32,Ollie Watkins,F,25.0,3900000.0,33880000.0,2025,aston-villa-fc,5,19500000.0,4
33,Matty Cash,D,23.0,3380000.0,17330000.0,2025,aston-villa-fc,5,16900000.0,4
34,Tyrone Mings,D,28.0,4160000.0,25420000.0,2024,aston-villa-fc,4,16640000.0,3
35,Mbwana Samatta,F,28.0,2080000.0,11550000.0,2024,aston-villa-fc,5,10400000.0,3
36,Keinan Davis,F,23.0,2340000.0,0.0,2024,aston-villa-fc,4,9360000.0,3
37,Wesley Moraes,F,24.0,1820000.0,28500000.0,2024,aston-villa-fc,5,9100000.0,3
38,Marvelous Nakamba,M,27.0,1690000.0,13680000.0,2024,aston-villa-fc,5,8450000.0,3
39,Frederic Guilbert,D,26.0,2080000.0,5700000.0,2023,aston-villa-fc,4,8320000.0,2
40,Douglas Luiz,M,23.0,1709396.0,19150000.0,2023,aston-villa-fc,4,6837584.0,2
41,Mahmoud Hassan,F,26.0,1690000.0,12487200.0,2023,aston-villa-fc,4,6760000.0,2
42,John McGinn,M,26.0,1300000.0,0.0,2025,aston-villa-fc,5,6500000.0,4
43,Anwar El Ghazi,F,26.0,1610000.0,10260000.0,2023,aston-villa-fc,4,6440000.0,2
44,Lovre Kalinic,GK,31.0,817000.0,6840000.0,2023,aston-villa-fc,4,3268000.0,2
45,Jed Steer,GK,28.0,416000.0,475000.0,2023,aston-villa-fc,4,1664000.0,2
46,Kortney Hause,D,26.0,416000.0,3880000.0,2022,aston-villa-fc,3,1248000.0,1
47,Ashley Young,D,36.0,0.0,0.0,2022,aston-villa-fc,1,0.0,1
48,Emiliano Martinez,GK,28.0,0.0,19140000.0,2024,aston-villa-fc,4,0.0,3
49,Matt Targett,D,25.0,0.0,17670000.0,2025,aston-villa-fc,4,0.0,4
50,Emiliano Buendía,F,24.0,0.0,42240000.0,2026,aston-villa-fc,5,0.0,5
51,Ezri Konsa,D,23.0,0.0,15160000.0,2027,aston-villa-fc,5,0.0,6
52,Bertrand Traoré,F,25.0,0.0,20240000.0,0,aston-villa-fc,0,0.0,-2021
53,Jacob Ramsey,M,20.0,0.0,0.0,2025,aston-villa-fc,5,0.0,4
54,Carney Chukwuemeka,M,17.0,0.0,0.0,2023,aston-villa-fc,2,0.0,2
55,Ellery Balcombe,GK,21.0,0.0,0.0,2025,brentford-fc,5,0.0,4
56,Mads Bidstrup,M,20.0,0.0,0.0,2023,brentford-fc,2,0.0,2
57,David Raya,GK,25.0,0.0,0.0,0,brentford-fc,0,0.0,-2021
58,Dominic Thompson,D,21.0,0.0,0.0,0,brentford-fc,0,0.0,-2021
59,Rico Henry,D,24.0,0.0,0.0,0,brentford-fc,0,0.0,-2021
60,Charlie Goode,D,26.0,0.0,0.0,0,brentford-fc,0,0.0,-2021
61,Ethan Pinnock,D,28.0,0.0,0.0,0,brentford-fc,0,0.0,-2021
62,Christian Nørgaard,M,27.0,0.0,0.0,0,brentford-fc,0,0.0,-2021
63,Sergi Canós,M,24.0,0.0,0.0,0,brentford-fc,0,0.0,-2021
64,Patrik Gunnarsson,GK,20.0,0.0,0.0,0,brentford-fc,0,0.0,-2021
65,Josh Dasilva,M,22.0,0.0,0.0,0,brentford-fc,0,0.0,-2021
66,Marcus Forss,F,22.0,0.0,0.0,0,brentford-fc,0,0.0,-2021
67,Joel Valencia,F,26.0,0.0,0.0,0,brentford-fc,0,0.0,-2021
68,Ivan Toney,F,25.0,0.0,0.0,0,brentford-fc,0,0.0,-2021
69,Pontus Jansson,D,30.0,0.0,0.0,0,brentford-fc,0,0.0,-2021
70,Bryan Mbeumo,M,21.0,0.0,0.0,0,brentford-fc,0,0.0,-2021
71,Saman Ghoddos,M,27.0,0.0,0.0,0,brentford-fc,0,0.0,-2021
72,Halil Dervişoğlu,F,21.0,0.0,0.0,0,brentford-fc,0,0.0,-2021
73,Tariqe Fosu,M,25.0,0.0,0.0,0,brentford-fc,0,0.0,-2021
74,Shandon Baptiste,M,23.0,0.0,0.0,0,brentford-fc,0,0.0,-2021
75,Vitaly Janelt,M,23.0,0.0,0.0,0,brentford-fc,0,0.0,-2021
76,Mads Bech Sørensen,D,22.0,0.0,0.0,0,brentford-fc,0,0.0,-2021
77,Mads Roerslev,D,22.0,0.0,0.0,0,brentford-fc,0,0.0,-2021
78,Jan Žambůrek,M,20.0,0.0,0.0,0,brentford-fc,0,0.0,-2021
79,Julian Jeanvier,D,29.0,0.0,0.0,0,brentford-fc,0,0.0,-2021
80,Luka Racic,D,22.0,0.0,0.0,0,brentford-fc,0,0.0,-2021
81,Frank Onyeka,M,23.0,0.0,11000000.0,2026,brentford-fc,5,0.0,5
82,Kristoffer Ajer,D,23.0,0.0,17270000.0,2026,brentford-fc,5,0.0,5
83,Myles Peart-Harris,M,18.0,0.0,1650000.0,2026,brentford-fc,4,0.0,5
84,Adam Lallana,M,33.0,4700000.0,0.0,2023,brighton-hove-albion,3,14100000.0,2
85,Lewis Dunk,D,29.0,2340000.0,0.0,2025,brighton-hove-albion,5,11700000.0,4
86,Jurgen Locadia,F,27.0,2106000.0,15300000.0,2022,brighton-hove-albion,5,10530000.0,1
87,Shane Duffy,D,29.0,2080000.0,4460000.0,2023,brighton-hove-albion,5,10400000.0,2
88,Pascal Gross,M,30.0,2600000.0,2550000.0,2022,brighton-hove-albion,4,10400000.0,1
89,Florin Andone,F,28.0,2080000.0,5250000.0,2023,brighton-hove-albion,5,10400000.0,2
90,Neal Maupay,F,24.0,2600000.0,22800000.0,2023,brighton-hove-albion,4,10400000.0,2
91,Adam Webster,D,26.0,2600000.0,24910000.0,2023,brighton-hove-albion,4,10400000.0,2
92,Leandro Trossard,F,26.0,1820000.0,22800000.0,2023,brighton-hove-albion,4,7280000.0,2
93,Tariq Lamptey,D,20.0,1820000.0,3630000.0,2025,brighton-hove-albion,4,7280000.0,4
94,Yves Bissouma,M,24.0,1300000.0,15210000.0,2023,brighton-hove-albion,5,6500000.0,2
95,Alexis Mac Allister,M,22.0,1600000.0,0.0,2023,brighton-hove-albion,4,6400000.0,2
96,Solly March,M,27.0,1560000.0,4000.0,2022,brighton-hove-albion,4,6240000.0,1
97,Joel Veltman,D,29.0,2000000.0,1100000.0,2023,brighton-hove-albion,3,6000000.0,2
98,Anthony Knockaert,M,29.0,1820000.0,12870000.0,2024,brighton-hove-albion,3,5460000.0,3
99,Andi Zeqiri,F,22.0,1300000.0,4400000.0,2024,brighton-hove-albion,4,5200000.0,3
100,Dan Burn,D,29.0,832000.0,0.0,2023,brighton-hove-albion,4,3328000.0,2
101,Jayson Molumby,M,21.0,900000.0,0.0,2023,brighton-hove-albion,3,2700000.0,2
102,Jason Steele,GK,30.0,833333.0,0.0,2023,brighton-hove-albion,3,2500000.0,2
103,Steven Alzate,F,22.0,520000.0,0.0,2024,brighton-hove-albion,4,2080000.0,3
104,Max Sanders,M,22.0,800000.0,0.0,2022,brighton-hove-albion,2,1600000.0,1
105,Ben White,D,23.0,350000.0,0.0,2024,brighton-hove-albion,4,1400000.0,3
106,Aaron Connolly,F,21.0,350000.0,0.0,2024,brighton-hove-albion,4,1400000.0,3
107,Danny Welbeck,F,30.0,0.0,0.0,2022,brighton-hove-albion,1,0.0,1
108,Percy Tau,F,27.0,0.0,2850000.0,2022,brighton-hove-albion,4,0.0,1
109,Matt Clarke,D,24.0,0.0,4450000.0,2023,brighton-hove-albion,4,0.0,2
110,Viktor Gyökeres,F,23.0,0.0,0.0,2022,brighton-hove-albion,3,0.0,1
111,Robert Sánchez,GK,23.0,0.0,0.0,2025,brighton-hove-albion,5,0.0,4
112,Jan Paul van Hecke,D,21.0,0.0,2200000.0,2023,brighton-hove-albion,3,0.0,2
113,Tudor Baluta,M,22.0,0.0,0.0,2022,brighton-hove-albion,0,0.0,1
114,Michal Karbownik,D,20.0,0.0,6050000.0,2024,brighton-hove-albion,4,0.0,3
115,Jakub Moder,M,22.0,0.0,12100000.0,2025,brighton-hove-albion,5,0.0,4
116,Billy Arce,F,23.0,0.0,946000.0,2022,brighton-hove-albion,4,0.0,1
117,Moises Caicedo,M,19.0,0.0,5500000.0,2025,brighton-hove-albion,5,0.0,4
118,Enock Mwepu,M,23.0,0.0,0.0,2025,brighton-hove-albion,4,0.0,4
119,James Tarkowski,D,28.0,2600000.0,3400000.0,2022,burnley-fc,4,10400000.0,1
120,Chris Wood,F,29.0,2600000.0,14760000.0,2023,burnley-fc,4,10400000.0,2
121,Josh Brownhill,M,25.0,2080000.0,11000000.0,2024,burnley-fc,5,10400000.0,3
122,Ashley Barnes,F,31.0,2080000.0,0.0,2023,burnley-fc,4,8320000.0,2
123,Nick Pope,GK,29.0,1820000.0,1130000.0,2024,burnley-fc,4,7280000.0,3
124,Matej Vydra,F,29.0,1820000.0,11000000.0,2022,burnley-fc,4,7280000.0,1
125,Jack Cork,M,32.0,1976000.0,10000000.0,2023,burnley-fc,3,5928000.0,2
126,Erik Pieters,D,32.0,2500000.0,0.0,2022,burnley-fc,2,5000000.0,1
127,Ashley Westwood,M,31.0,1612000.0,4930000.0,2023,burnley-fc,3,4836000.0,2
128,Jay Rodriguez,F,32.0,1820000.0,633000.0,2022,burnley-fc,2,3640000.0,1
129,Dale Stephens,M,31.0,1820000.0,1210000.0,2022,burnley-fc,2,3640000.0,1
130,Bailey Peacock-Farrell,GK,24.0,500000.0,3140000.0,2024,burnley-fc,4,2000000.0,3
131,Dwight McNeil,F,21.0,260000.0,0.0,2025,burnley-fc,4,1040000.0,4
132,Will Norris,GK,27.0,300000.0,0.0,2023,burnley-fc,3,900000.0,2
133,Wayne Hennessey,GK,34.0,0.0,0.0,2024,burnley-fc,2,0.0,3
134,Joel Mumbongo,F,22.0,0.0,0.0,2022,burnley-fc,1,0.0,1
135,Nathan Collins,D,20.0,0.0,15400000.0,2025,burnley-fc,4,0.0,4
136,Mathias Jensen,M,25.0,0.0,0.0,0,burnley-fc,0,0.0,-2021
137,Kepa Arrizabalaga,GK,26.0,7800000.0,71900000.0,2025,chelsea-fc,7,54600000.0,4
138,Ben Chilwell,D,24.0,9880000.0,55220000.0,2025,chelsea-fc,5,49400000.0,4
139,Christian Pulisic,F,22.0,7562500.0,72960000.0,2024,chelsea-fc,6,45375000.0,3
140,Timo Werner,F,25.0,8840000.0,47500000.0,2025,chelsea-fc,5,44200000.0,4
141,N'Golo Kante,M,30.0,7500000.0,35800000.0,2023,chelsea-fc,5,37500000.0,2
142,Kai Havertz,M,22.0,7280000.0,88000000.0,2025,chelsea-fc,5,36400000.0,4
143,Callum Hudson-Odoi,F,20.0,6240000.0,0.0,2024,chelsea-fc,5,31200000.0,3
144,Malang Sarr,D,22.0,6240000.0,0.0,2025,chelsea-fc,5,31200000.0,4
145,César Azpilicueta,D,31.0,7540000.0,8800000.0,2022,chelsea-fc,4,30160000.0,1
146,Ross Barkley,M,27.0,4766667.0,15210000.0,2023,chelsea-fc,6,28600000.0,2
147,Tiemoué Bakayoko,M,26.0,5720000.0,40000000.0,2022,chelsea-fc,5,28600000.0,1
148,Jorge Luiz Frello Filho,M,29.0,5720000.0,50500000.0,2023,chelsea-fc,5,28600000.0,2
149,Reece James,D,21.0,4766667.0,0.0,2025,chelsea-fc,6,28600000.0,4
150,Marcos Alonso,D,30.0,5200000.0,23000000.0,2023,chelsea-fc,5,26000000.0,2
151,Danny Drinkwater,M,31.0,5200000.0,34110000.0,2022,chelsea-fc,5,26000000.0,1
152,Antonio Rudiger,D,28.0,5200000.0,29750000.0,2022,chelsea-fc,5,26000000.0,1
153,Mateo Kovacic,M,27.0,5200000.0,51300000.0,2024,chelsea-fc,5,26000000.0,3
154,Hakim Ziyech,F,28.0,5200000.0,33300000.0,2025,chelsea-fc,5,26000000.0,4
155,Mason Mount,M,22.0,4600000.0,0.0,2024,chelsea-fc,5,23000000.0,3
156,Baba Rahman,D,27.0,4472000.0,17500000.0,2022,chelsea-fc,5,22360000.0,1
157,Edouard Mendy,GK,29.0,3900000.0,26400000.0,2025,chelsea-fc,5,19500000.0,4
158,Emerson Palmieri,D,27.0,3510000.0,18000000.0,2022,chelsea-fc,5,17550000.0,1
159,Andreas Christensen,D,25.0,4160000.0,0.0,2022,chelsea-fc,4,16640000.0,1
160,Tammy Abraham,F,23.0,3000000.0,0.0,2022,chelsea-fc,5,15000000.0,1
161,Davide Zappacosta,D,29.0,3640000.0,25750000.0,2022,chelsea-fc,4,14560000.0,1
162,Ruben Loftus-Cheek,F,25.0,2808000.0,0.0,2024,chelsea-fc,5,14040000.0,3
163,Kurt Zouma,D,26.0,2080000.0,12400000.0,2023,chelsea-fc,6,12480000.0,2
164,Thiago Silva,D,36.0,5720000.0,0.0,2022,chelsea-fc,2,11440000.0,1
165,Billy Gilmour,M,20.0,2250000.0,0.0,2023,chelsea-fc,4,9000000.0,2
166,Lewis Baker,M,26.0,1040000.0,0.0,2022,chelsea-fc,5,5200000.0,1
167,Matt Miazga,D,26.0,780000.0,4000000.0,2022,chelsea-fc,5,3900000.0,1
168,Charly Musonda,M,24.0,550000.0,0.0,2022,chelsea-fc,5,2750000.0,1
169,Ethan Ampadu,M,20.0,390000.0,2520000.0,2023,chelsea-fc,5,1950000.0,2
170,Robert Kenedy,M,25.0,0.0,7000000.0,2024,chelsea-fc,3,0.0,3
171,Nathan Baxter,GK,22.0,0.0,0.0,2023,chelsea-fc,3,0.0,2
172,Wilfried Zaha,F,28.0,6760000.0,3260000.0,2023,crystal-palace,5,33800000.0,2
173,Cheikhou Kouyate,M,31.0,3380000.0,9500000.0,2022,crystal-palace,4,13520000.0,1
174,James Tomkins,D,32.0,2600000.0,9950000.0,2022,crystal-palace,5,13000000.0,1
175,Luka Milivojevic,M,30.0,2860000.0,12840000.0,2023,crystal-palace,4,11440000.0,2
176,Eberech Eze,M,23.0,1560000.0,19580000.0,2025,crystal-palace,5,7800000.0,4
177,Jack Butland,GK,28.0,2288000.0,1210000.0,2023,crystal-palace,3,6864000.0,2
178,Jordan Ayew,F,29.0,1690000.0,3190000.0,2022,crystal-palace,3,5070000.0,1
179,Vicente Guaita,GK,34.0,404000.0,0.0,2024,crystal-palace,3,1212000.0,3
180,Christian Benteke,F,30.0,0.0,30520000.0,2023,crystal-palace,2,0.0,2
181,Joel Ward,D,31.0,0.0,553000.0,2023,crystal-palace,2,0.0,2
182,Jairo Riedewald,M,24.0,0.0,7650000.0,2024,crystal-palace,4,0.0,3
183,Erdal Rakip,M,25.0,0.0,0.0,0,crystal-palace,1,0.0,-2021
184,Tyrick Mitchell,D,21.0,0.0,0.0,2025,crystal-palace,4,0.0,4
185,Jean-Philippe Mateta,F,24.0,0.0,0.0,0,crystal-palace,0,0.0,-2021
186,Jacob Montes,M,22.0,0.0,0.0,0,crystal-palace,0,0.0,-2021
187,Michael Olise,M,19.0,0.0,10230000.0,2026,crystal-palace,5,0.0,5
188,Marc Guehi,D,21.0,0.0,25670000.0,2026,crystal-palace,5,0.0,5
189,Jordan Pickford,GK,27.0,5208333.0,25000000.0,2024,everton-fc,6,31250000.0,3
190,Yerry Mina,D,26.0,6240000.0,28500000.0,2023,everton-fc,5,31200000.0,2
191,Andre Gomes,M,28.0,5835000.0,28500000.0,2024,everton-fc,5,29175000.0,3
192,Gylfi Sigurdsson,M,31.0,5200000.0,44460000.0,2022,everton-fc,5,26000000.0,1
193,Lucas Digne,D,28.0,6188000.0,18000000.0,2025,everton-fc,4,24752000.0,4
194,Richarlison de Andrade,F,24.0,4680000.0,40120000.0,2023,everton-fc,5,23400000.0,2
195,Ben Godfrey,D,23.0,4000000.0,30250000.0,2025,everton-fc,5,20000000.0,4
196,Michael Keane,D,28.0,3380000.0,24230000.0,2025,everton-fc,5,16900000.0,4
197,Jean-Philippe Gbamin,M,25.0,3380000.0,28500000.0,2024,everton-fc,5,16900000.0,3
198,Cenk Tosun,F,30.0,3120000.0,1980000.0,2022,everton-fc,5,15600000.0,1
199,Seamus Coleman,D,32.0,3640000.0,0.0,2022,everton-fc,4,14560000.0,1
200,Moise Kean,F,21.0,2765000.0,31350000.0,2024,everton-fc,5,13825000.0,3
201,Alex Iwobi,F,25.0,2600000.0,34660000.0,2024,everton-fc,5,13000000.0,3
202,Fabian Delph,M,31.0,4160000.0,10830000.0,2022,everton-fc,3,12480000.0,1
203,Abdoulaye Doucouré,M,28.0,3900000.0,24310000.0,2024,everton-fc,3,11700000.0,3
204,Allan Loureiro,M,30.0,3640000.0,27500000.0,2023,everton-fc,3,10920000.0,2
205,James Rodriguez,M,30.0,4680000.0,27500000.0,2023,everton-fc,2,9360000.0,2
206,Niels Nkounkou,D,20.0,2860000.0,0.0,2023,everton-fc,3,8580000.0,2
207,Mason Holgate,D,24.0,1300000.0,1190000.0,2025,everton-fc,6,7800000.0,4
208,Dominic Calvert-Lewin,F,24.0,1248000.0,1530000.0,2025,everton-fc,5,6240000.0,4
209,Tom Davies,M,23.0,1300000.0,0.0,2023,everton-fc,4,5200000.0,2
210,Jonjoe Kenny,D,24.0,780000.0,0.0,2022,everton-fc,5,3900000.0,1
211,Anthony Gordon,F,20.0,520000.0,0.0,2025,everton-fc,5,2600000.0,4
212,Joao Virginia,GK,21.0,520000.0,0.0,2024,everton-fc,4,2080000.0,3
213,Jarrad Branthwaite,D,19.0,780000.0,1210000.0,2022,everton-fc,2,1560000.0,1
214,Robin Olsen,GK,31.0,1000000.0,0.0,0,everton-fc,1,1000000.0,-2021
215,Asmir Begovic,GK,34.0,0.0,0.0,2023,everton-fc,1,0.0,2
216,Andros Townsend,M,30.0,0.0,0.0,2023,everton-fc,2,0.0,2
217,Demarai Gray,M,25.0,0.0,2200000.0,2025,everton-fc,3,0.0,4
218,Boris Mathis,M,23.0,0.0,0.0,0,everton-fc,0,0.0,-2021
219,Rodrigo Machado,F,30.0,3000000.0,33000000.0,2024,leeds-united-fc,4,12000000.0,3
220,Robin Koch,D,25.0,2400000.0,14300000.0,2024,leeds-united-fc,4,9600000.0,3
221,Kiko Casilla,GK,34.0,1670000.0,0.0,2023,leeds-united-fc,5,8350000.0,2
222,Patrick Bamford,F,27.0,1820000.0,8690000.0,2022,leeds-united-fc,4,7280000.0,1
223,Helder Costa,F,27.0,1690000.0,19470000.0,2024,leeds-united-fc,4,6760000.0,3
224,Diego Llorente,D,27.0,1144000.0,22000000.0,2024,leeds-united-fc,4,4576000.0,3
225,Adam Forshaw,M,29.0,1040000.0,5610000.0,2022,leeds-united-fc,4,4160000.0,1
226,Joe Gelhardt,F,19.0,858000.0,1100000.0,2024,leeds-united-fc,4,3432000.0,3
227,Illan Meslier,GK,21.0,858000.0,7150000.0,2023,leeds-united-fc,3,2574000.0,2
228,Mateusz Klich,M,31.0,403000.0,0.0,2024,leeds-united-fc,5,2015000.0,3
229,Ian Poveda,M,21.0,457600.0,0.0,2024,leeds-united-fc,4,1830400.0,3
230,Liam Cooper,D,29.0,338000.0,0.0,2024,leeds-united-fc,5,1690000.0,3
231,Luke Ayling,D,,416000.0,0.0,2023,leeds-united-fc,4,1664000.0,2
232,Kalvin Phillips,M,25.0,234000.0,0.0,2024,leeds-united-fc,5,1170000.0,3
233,Pascal Struijk,D,21.0,371800.0,0.0,2024,leeds-united-fc,3,1115400.0,3
234,Jamie Shackleton,M,21.0,78000.0,0.0,2024,leeds-united-fc,4,312000.0,3
235,Leif Davis,D,21.0,31000.0,0.0,2023,leeds-united-fc,4,124000.0,2
236,Tyler Roberts,M,22.0,0.0,3140000.0,2024,leeds-united-fc,3,0.0,3
237,Jack Harrison,F,24.0,0.0,14080000.0,2024,leeds-united-fc,3,0.0,3
238,Stuart Dallas,M,,0.0,0.0,2024,leeds-united-fc,3,0.0,3
239,Jordan Stevens,M,,0.0,0.0,2022,leeds-united-fc,3,0.0,1
240,Mateusz Bogusz,M,19.0,0.0,0.0,2023,leeds-united-fc,3,0.0,2
241,Rafa Mújica,F,22.0,0.0,0.0,2022,leeds-united-fc,3,0.0,1
242,Laurens De Bock,D,28.0,0.0,0.0,2022,leeds-united-fc,5,0.0,1
243,Raphael Belloli,F,24.0,0.0,18700000.0,2023,leeds-united-fc,3,0.0,2
244,Junior Firpo,D,24.0,0.0,16500000.0,2025,leeds-united-fc,4,0.0,4
245,Kasper Schmeichel,GK,34.0,6760000.0,0.0,2023,leicester-city,5,33800000.0,2
246,Jamie Vardy,F,34.0,7280000.0,1050000.0,2023,leicester-city,4,29120000.0,2
247,Onyinye Ndidi,M,24.0,3900000.0,14960000.0,2024,leicester-city,6,23400000.0,3
248,James Maddison,M,,5720000.0,22000000.0,2024,leicester-city,4,22880000.0,3
249,Dennis Praet,M,27.0,4500000.0,23940000.0,2024,leicester-city,5,22500000.0,3
250,Ricardo Pereira,D,27.0,3640000.0,22000000.0,2023,leicester-city,5,18200000.0,2
251,Timothy Castagne,D,25.0,2600000.0,23100000.0,2025,leicester-city,5,13000000.0,4
252,Caglar Soyuncu,D,25.0,2340000.0,18900000.0,2023,leicester-city,5,11700000.0,2
253,Ayoze Perez,F,28.0,2340000.0,38080000.0,2023,leicester-city,4,9360000.0,2
254,Richad Ghezzal,M,29.0,2340000.0,12500000.0,2022,leicester-city,4,9360000.0,1
255,Nampalys Mendy,M,29.0,2860000.0,13180000.0,2023,leicester-city,3,8580000.0,2
256,Marc Albrighton,M,31.0,2340000.0,0.0,2022,leicester-city,3,7020000.0,1
257,Youri Tielemans,M,24.0,1718000.0,51300000.0,2023,leicester-city,4,6872000.0,2
258,Wesley Fofana,D,20.0,1000000.0,38500000.0,2025,leicester-city,5,5000000.0,4
259,Cengiz Ünder,F,24.0,4900000.0,0.0,0,leicester-city,1,4900000.0,-2021
260,Daniel Amartey,M,26.0,1092000.0,5610000.0,2022,leicester-city,3,3276000.0,1
261,Harvey Barnes,M,23.0,520000.0,0.0,2024,leicester-city,5,2600000.0,3
262,Luke Thomas,D,20.0,600000.0,0.0,2024,leicester-city,4,2400000.0,3
263,James Justin,D,23.0,429000.0,0.0,2024,leicester-city,5,2145000.0,3
264,Hamza Choudhury,M,24.0,390000.0,0.0,2023,leicester-city,4,1560000.0,2
265,Jonny Evans,D,33.0,0.0,3500000.0,2023,leicester-city,3,0.0,2
266,Ryan Bertrand,D,31.0,0.0,0.0,2024,leicester-city,2,0.0,3
267,Danny Ward,GK,28.0,0.0,12600000.0,2025,leicester-city,4,0.0,4
268,Kelechi Iheanacho,F,24.0,0.0,23550000.0,2024,leicester-city,3,0.0,3
269,Filip Benkovic,D,24.0,0.0,13000000.0,2023,leicester-city,5,0.0,2
270,Danny Ward,F,29.0,0.0,0.0,2025,leicester-city,4,0.0,4
271,Patson Daka,F,22.0,0.0,33000000.0,2026,leicester-city,5,0.0,5
272,Boubakary Soumaré,M,22.0,0.0,22000000.0,2026,leicester-city,5,0.0,5
273,Mohamed Salah,F,29.0,10400000.0,35700000.0,2023,liverpool-fc,5,52000000.0,2
274,Virgil Van Dijk,D,30.0,8580000.0,70920000.0,2023,liverpool-fc,6,51480000.0,2
275,Roberto Firmino,F,29.0,9360000.0,34850000.0,2023,liverpool-fc,5,46800000.0,2
276,Alisson Becker,GK,28.0,7150000.0,65000000.0,2024,liverpool-fc,6,42900000.0,3
277,Thiago Alcántara do Nascimento,M,30.0,10400000.0,33000000.0,2024,liverpool-fc,4,41600000.0,3
278,Jordan Henderson,M,31.0,7280000.0,15300000.0,2023,liverpool-fc,5,36400000.0,2
279,Alex Oxlade-Chamberlain,M,27.0,6240000.0,34200000.0,2023,liverpool-fc,5,31200000.0,2
280,Naby Keita,M,26.0,6240000.0,54000000.0,2023,liverpool-fc,5,31200000.0,2
281,Sadio Mane,F,29.0,5200000.0,35020000.0,2023,liverpool-fc,5,26000000.0,2
282,Fabinho Tavares,M,27.0,5200000.0,44357250.0,2023,liverpool-fc,5,26000000.0,2
283,Diogo Jota,F,24.0,4700000.0,49170000.0,2025,liverpool-fc,5,23500000.0,4
284,James Milner,M,35.0,7280000.0,0.0,2022,liverpool-fc,3,21840000.0,1
285,Xherdan Shaqiri,M,29.0,4160000.0,13230000.0,2023,liverpool-fc,5,20800000.0,2
286,Joe Gomez,D,24.0,3900000.0,4170000.0,2024,liverpool-fc,5,19500000.0,3
287,Tren Alexander-Arnold,D,22.0,3900000.0,0.0,2024,liverpool-fc,5,19500000.0,3
288,Takumi Minamino,F,26.0,3900000.0,9350000.0,2024,liverpool-fc,5,19500000.0,3
289,Ben Davies,D,25.0,3120000.0,627000.0,2026,liverpool-fc,6,18720000.0,5
290,Divock Origi,F,26.0,3120000.0,10740000.0,2024,liverpool-fc,5,15600000.0,3
291,Konstantinos Tsimikas,D,25.0,3120000.0,14300000.0,2025,liverpool-fc,5,15600000.0,4
292,Andrew Robertson,D,27.0,2600000.0,10000000.0,2025,liverpool-fc,5,13000000.0,4
293,Neco Williams,D,20.0,1300000.0,0.0,2025,liverpool-fc,5,6500000.0,4
294,Ben Woodburn,F,21.0,624000.0,0.0,2022,liverpool-fc,5,3120000.0,1
295,Curtis Jones,M,20.0,390000.0,0.0,2025,liverpool-fc,5,1950000.0,4
296,Joel Matip,D,29.0,0.0,0.0,2024,liverpool-fc,5,0.0,3
297,Sheyi Ojo,M,24.0,0.0,2130000.0,2023,liverpool-fc,3,0.0,2
298,Adrian San Miguel del Castillo,GK,34.0,0.0,0.0,2023,liverpool-fc,2,0.0,2
299,Caoimhin Kelleher,GK,22.0,0.0,0.0,2026,liverpool-fc,5,0.0,5
300,Sepp van den Berg,D,19.0,0.0,2170000.0,2022,liverpool-fc,0,0.0,1
301,Rhys Williams,D,20.0,0.0,0.0,0,liverpool-fc,0,0.0,-2021
302,Ibrahima Konate,D,,0.0,43950000.0,2026,liverpool-fc,5,0.0,5
303,Kevin De Bruyne,M,30.0,20020000.0,62900000.0,2025,manchester-city-fc,4,80080000.0,4
304,Raheem Sterling,M,26.0,15600000.0,53130000.0,2023,manchester-city-fc,4,62400000.0,2
305,Bernardo Silva,M,26.0,7800000.0,43800000.0,2025,manchester-city-fc,6,46800000.0,4
306,Aymeric Laporte,D,27.0,6240000.0,58500000.0,2025,manchester-city-fc,6,37440000.0,4
307,Ruben Dias,D,,6000000.0,74800000.0,2026,manchester-city-fc,6,36000000.0,5
308,Rodrigo Hernández Cascante,M,25.0,6300000.0,79800000.0,2024,manchester-city-fc,5,31500000.0,3
309,Riyad Mahrez,M,30.0,6240000.0,60100000.0,2023,manchester-city-fc,5,31200000.0,2
310,John Stones,D,27.0,5200000.0,47260000.0,2022,manchester-city-fc,6,31200000.0,1
311,Ilkay Gundogan,M,30.0,7280000.0,22950000.0,2023,manchester-city-fc,4,29120000.0,2
312,Kyle Walker,D,31.0,5720000.0,43350000.0,2024,manchester-city-fc,5,28600000.0,3
313,Benjamin Mendy,D,27.0,4680000.0,52000000.0,2023,manchester-city-fc,6,28080000.0,2
314,Joao Cancelo,D,27.0,4160000.0,74100000.0,2025,manchester-city-fc,6,24960000.0,4
315,Nathan Ake,D,26.0,4800000.0,49830000.0,2025,manchester-city-fc,5,24000000.0,4
316,Gabriel Jesus,F,24.0,4680000.0,27200000.0,2023,manchester-city-fc,5,23400000.0,2
317,Ederson Moraes,GK,27.0,3380000.0,35000000.0,2022,manchester-city-fc,5,16900000.0,1
318,Ferran Torres,F,21.0,2400000.0,25300000.0,2025,manchester-city-fc,5,12000000.0,4
319,Marlos Moreno,F,24.0,2340000.0,4680000.0,2023,manchester-city-fc,5,11700000.0,2
320,Philippe Sandler,D,24.0,1976000.0,2250000.0,2022,manchester-city-fc,4,7904000.0,1
321,Oleksandr Zinchenko,M,24.0,1040000.0,1700000.0,2024,manchester-city-fc,5,5200000.0,3
322,Arijanet Muric,GK,22.0,1040000.0,0.0,2024,manchester-city-fc,5,5200000.0,3
323,Phil Foden,M,,624000.0,0.0,2024,manchester-city-fc,5,3120000.0,3
324,Patrick Roberts,M,24.0,520000.0,12750000.0,2022,manchester-city-fc,3,1560000.0,1
325,Jose Angel Tasende,D,24.0,0.0,13680000.0,2023,manchester-city-fc,4,0.0,2
326,Fernandinho Luis Roza,M,36.0,0.0,34000000.0,2022,manchester-city-fc,1,0.0,1
327,Zack Steffen,GK,26.0,0.0,9120000.0,0,manchester-city-fc,0,0.0,-2021
328,Pedro Porro,D,21.0,0.0,13680000.0,2024,manchester-city-fc,5,0.0,3
329,Ryotaro Meshino,M,23.0,0.0,1100000.0,2022,manchester-city-fc,3,0.0,1
330,Filip Stevanovic,F,18.0,0.0,9350000.0,2026,manchester-city-fc,6,0.0,5
331,Diego Rosa,M,18.0,0.0,6600000.0,2025,manchester-city-fc,5,0.0,4
332,David De Gea,GK,30.0,19500000.0,21250000.0,2024,manchester-united-fc,6,117000000.0,3
333,Anthony Martial,F,25.0,13000000.0,51000000.0,2025,manchester-united-fc,6,78000000.0,4
334,Harry Maguire,D,28.0,8464286.0,99180000.0,2026,manchester-united-fc,7,59250000.0,5
335,Bruno Fernandes,M,26.0,8022857.0,60500000.0,2026,manchester-united-fc,7,56160000.0,5
336,Marcus Rashford,F,23.0,10400000.0,0.0,2024,manchester-united-fc,4,41600000.0,3
337,Luke Shaw,D,26.0,6240000.0,31880000.0,2024,manchester-united-fc,5,31200000.0,3
338,Victor Lindelof,D,27.0,6240000.0,29750000.0,2025,manchester-united-fc,5,31200000.0,4
339,Frederico de Paula Santos,M,28.0,6240000.0,52000000.0,2023,manchester-united-fc,5,31200000.0,2
340,Donny van de Beek,M,24.0,6240000.0,42900000.0,2026,manchester-united-fc,5,31200000.0,5
341,Dean Henderson,GK,24.0,5200000.0,0.0,2025,manchester-united-fc,5,26000000.0,4
342,Aaron Wan-Bissaka,D,23.0,4680000.0,62700000.0,2025,manchester-united-fc,5,23400000.0,4
343,Edinson Cavani,F,34.0,10920000.0,0.0,2022,manchester-united-fc,2,21840000.0,1
344,Mason Greenwood,F,19.0,3900000.0,0.0,2027,manchester-united-fc,5,19500000.0,6
345,Alex Telles,D,28.0,4840000.0,16500000.0,2025,manchester-united-fc,4,19360000.0,4
346,Nemanja Matic,M,33.0,6240000.0,38000000.0,2023,manchester-united-fc,3,18720000.0,2
347,Juan Mata,M,33.0,8320000.0,38020000.0,2022,manchester-united-fc,2,16640000.0,1
348,Phil Jones,D,29.0,3900000.0,16410000.0,2024,manchester-united-fc,4,15600000.0,3
349,Jesse Lingard,M,28.0,3900000.0,0.0,2022,manchester-united-fc,4,15600000.0,1
350,Brandon Williams,D,20.0,3380000.0,0.0,2025,manchester-united-fc,4,13520000.0,4
351,Daniel James,F,23.0,2340000.0,19380000.0,2024,manchester-united-fc,5,11700000.0,3
352,Axel Tuanzebe,D,23.0,2600000.0,0.0,2023,manchester-united-fc,3,7800000.0,2
353,Diogo Dalot,D,22.0,1300000.0,17500000.0,2023,manchester-united-fc,5,6500000.0,2
354,Andreas Pereira,M,25.0,1560000.0,0.0,2024,manchester-united-fc,4,6240000.0,3
355,Facundo Pellistri,F,19.0,1000000.0,9350000.0,2025,manchester-united-fc,5,5000000.0,4
356,Tahith Chong,F,21.0,1040000.0,0.0,2023,manchester-united-fc,3,3120000.0,2
357,Tom Heaton,GK,35.0,0.0,0.0,2024,manchester-united-fc,2,0.0,3
358,Eric Bailly,D,27.0,0.0,32300000.0,2025,manchester-united-fc,3,0.0,4
359,Teden Mengi,D,19.0,0.0,0.0,2023,manchester-united-fc,3,0.0,2
360,James Garner,M,20.0,0.0,0.0,2022,manchester-united-fc,2,0.0,1
361,Amad Diallo,F,19.0,0.0,23100000.0,0,manchester-united-fc,0,0.0,-2021
362,Jadon Sancho,F,21.0,0.0,93500000.0,2027,manchester-united-fc,5,0.0,6
363,Raphael Varane,D,28.0,0.0,48400000.0,2026,manchester-united-fc,4,0.0,5
364,Joelinton Cassio Apolinário de Lira,F,24.0,4500000.0,50160000.0,2025,newcastle-united-fc,6,27000000.0,4
365,Jonjo Shelvey,M,29.0,3640000.0,0.0,2023,newcastle-united-fc,4,14560000.0,2
366,Allan Saint-Maximin,F,24.0,2000000.0,20520000.0,2026,newcastle-united-fc,6,12000000.0,5
367,Emil Krafth,D,27.0,3000000.0,6160000.0,2023,newcastle-united-fc,4,12000000.0,2
368,Martin Dubravka,GK,32.0,1976000.0,4000000.0,2025,newcastle-united-fc,6,11856000.0,4
369,Yoshinori Muto,F,29.0,2808000.0,9630000.0,2022,newcastle-united-fc,4,11232000.0,1
370,Miguel Almiron,M,27.0,2201000.0,27360000.0,2024,newcastle-united-fc,5,11005000.0,3
371,Ryan Fraser,F,27.0,2173600.0,0.0,2025,newcastle-united-fc,5,10868000.0,4
372,Jamaal Lascelles,D,27.0,2080000.0,4250000.0,2024,newcastle-united-fc,5,10400000.0,3
373,Jamal Lewis,D,23.0,2000000.0,18150000.0,2025,newcastle-united-fc,5,10000000.0,4
374,Callum Wilson,F,29.0,2400000.0,24480000.0,2024,newcastle-united-fc,4,9600000.0,3
375,Matt Ritchie,M,31.0,2340000.0,10200000.0,2023,newcastle-united-fc,4,9360000.0,2
376,Ciaran Clark,D,31.0,1820000.0,5100000.0,2023,newcastle-united-fc,5,9100000.0,2
377,Jeff Hendrick,M,29.0,2100000.0,0.0,2024,newcastle-united-fc,4,8400000.0,3
378,Javier Manquillo,D,27.0,1820000.0,4500000.0,2024,newcastle-united-fc,4,7280000.0,3
379,Isaac Hayden,M,26.0,1144000.0,2470000.0,2026,newcastle-united-fc,6,6864000.0,5
380,Karl Darlow,GK,30.0,1300000.0,4250000.0,2025,newcastle-united-fc,5,6500000.0,4
381,Federico Fernandez,D,32.0,2459600.0,6000000.0,2022,newcastle-united-fc,1,2459600.0,1
382,Matthew Longstaff,M,21.0,960000.0,0.0,2022,newcastle-united-fc,2,1920000.0,1
383,Mark Gillespie,GK,29.0,600000.0,0.0,2023,newcastle-united-fc,3,1800000.0,2
384,Sean Longstaff,M,23.0,52000.0,0.0,2022,newcastle-united-fc,2,104000.0,1
385,Paul Dummett,D,29.0,0.0,0.0,2022,newcastle-united-fc,1,0.0,1
386,Freddie Woodman,GK,24.0,0.0,0.0,2023,newcastle-united-fc,3,0.0,2
387,Jacob Murphy,M,26.0,0.0,12000000.0,2027,newcastle-united-fc,6,0.0,6
388,Fabian Schar,D,29.0,0.0,3600000.0,2022,newcastle-united-fc,1,0.0,1
389,Sam Byram,D,27.0,1560000.0,946000.0,2023,norwich-city-fc,4,6240000.0,2
390,Timm Klose,D,23.0,1040000.0,0.0,2022,norwich-city-fc,3,3120000.0,1
391,Christoph Zimmermann,D,28.0,780000.0,0.0,2024,norwich-city-fc,4,3120000.0,3
392,Louis Thompson,M,26.0,780000.0,0.0,2023,norwich-city-fc,4,3120000.0,2
393,Tom Trybull,M,28.0,780000.0,0.0,2023,norwich-city-fc,3,2340000.0,2
394,Ben Marshall,M,30.0,416000.0,1530000.0,2022,norwich-city-fc,4,1664000.0,1
395,Onel Hernández,F,28.0,416000.0,0.0,2023,norwich-city-fc,4,1664000.0,2
396,Max Aarons,D,21.0,260000.0,0.0,2024,norwich-city-fc,5,1300000.0,3
397,Teemu Pukki,F,31.0,416000.0,0.0,2022,norwich-city-fc,3,1248000.0,1
398,Todd Cantwell,M,23.0,78000.0,0.0,2022,norwich-city-fc,3,234000.0,1
399,Kieran Dowell,M,23.0,0.0,0.0,2023,norwich-city-fc,3,0.0,2
400,Angus Gunn,GK,25.0,0.0,6440000.0,2025,norwich-city-fc,4,0.0,4
401,Grant Hanley,D,29.0,0.0,0.0,2025,norwich-city-fc,4,0.0,4
402,Tim Krul,GK,33.0,0.0,0.0,2022,norwich-city-fc,3,0.0,1
403,Ben Gibson,D,28.0,0.0,10230000.0,2024,norwich-city-fc,3,0.0,3
404,Aston Oxborough,GK,23.0,0.0,0.0,2022,norwich-city-fc,2,0.0,1
405,Josip Drmic,F,28.0,0.0,0.0,2022,norwich-city-fc,3,0.0,1
406,Rocky Bushiri,D,21.0,0.0,0.0,2023,norwich-city-fc,4,0.0,2
407,Lukas Rupp,M,30.0,0.0,550000.0,2022,norwich-city-fc,3,0.0,1
408,Sam McCallum,D,20.0,0.0,4570000.0,2024,norwich-city-fc,5,0.0,3
409,Sebastian Soto,F,21.0,0.0,0.0,2023,norwich-city-fc,3,0.0,2
410,Bali Mumba,D,19.0,0.0,0.0,2026,norwich-city-fc,4,0.0,5
411,Przemyslaw Placheta,F,23.0,0.0,3300000.0,2024,norwich-city-fc,4,0.0,3
412,Jacob Lungi Sörensen,M,23.0,0.0,0.0,2023,norwich-city-fc,3,0.0,2
413,Dimitris Giannoulis,D,25.0,0.0,8250000.0,0,norwich-city-fc,0,0.0,-2021
414,Josh Martin,F,19.0,0.0,0.0,2023,norwich-city-fc,2,0.0,2
415,Flynn Clarke,M,18.0,0.0,0.0,0,norwich-city-fc,0,0.0,-2021
416,Milot Rashica,F,25.0,0.0,12100000.0,2025,norwich-city-fc,4,0.0,4
417,Daniel Barden,GK,20.0,0.0,0.0,2024,norwich-city-fc,4,0.0,3
418,Akin Famewo,D,22.0,0.0,0.0,2023,norwich-city-fc,4,0.0,2
419,Pierre Lees Melou,M,28.0,0.0,6600000.0,2024,norwich-city-fc,3,0.0,3
420,Fraser Forster,GK,33.0,3640000.0,10000000.0,2022,southampton-fc,5,18200000.0,1
421,Mohamed Elyounoussi,M,26.0,3120000.0,16000000.0,2023,southampton-fc,5,15600000.0,2
422,James Ward-Prowse,M,26.0,2253333.0,0.0,2022,southampton-fc,6,13520000.0,1
423,Nathan Redmond,M,27.0,3120000.0,11480000.0,2023,southampton-fc,4,12480000.0,2
424,Jack Stephens,D,27.0,2496000.0,145000.0,2022,southampton-fc,5,12480000.0,1
425,Jannik Vestergaard,D,28.0,3120000.0,22300000.0,2022,southampton-fc,4,12480000.0,1
426,Danny Ings,F,29.0,3900000.0,25310000.0,2022,southampton-fc,3,11700000.0,1
427,Moussa Djenepo,F,23.0,2860000.0,17900000.0,2023,southampton-fc,4,11440000.0,2
428,Ibrahima Diallo,M,22.0,2860000.0,16500000.0,2024,southampton-fc,4,11440000.0,3
429,Alex McCarthy,GK,31.0,2600000.0,4000000.0,2022,southampton-fc,4,10400000.0,1
430,Che Adams,F,25.0,1560000.0,19040000.0,2024,southampton-fc,5,7800000.0,3
431,Shane Long,F,34.0,3120000.0,12670000.0,2022,southampton-fc,2,6240000.0,1
432,Kyle Walker-Peters,D,24.0,1200000.0,14630000.0,2025,southampton-fc,5,6000000.0,4
433,Mohammed Salisu,D,22.0,1200000.0,13200000.0,2024,southampton-fc,4,4800000.0,3
434,Jake Vokins,D,21.0,1100000.0,0.0,2024,southampton-fc,4,4400000.0,3
435,Jan Bednarek,D,25.0,1040000.0,5100000.0,2025,southampton-fc,4,4160000.0,4
436,Will Smallbone,M,21.0,900000.0,0.0,2024,southampton-fc,4,3600000.0,3
437,Nathan Tella,F,22.0,650000.0,0.0,2023,southampton-fc,3,1950000.0,2
438,Michael Obafemi,F,21.0,600000.0,0.0,2022,southampton-fc,3,1800000.0,1
439,Yan Valery,D,22.0,104000.0,0.0,2023,southampton-fc,4,416000.0,2
440,Theo Walcott,F,32.0,0.0,0.0,2023,southampton-fc,2,0.0,2
441,Oriol Romeu,M,29.0,0.0,5950000.0,2023,southampton-fc,2,0.0,2
442,Stuart Armstrong,M,29.0,0.0,7000000.0,2024,southampton-fc,4,0.0,3
443,Daniel N'Lundulu,F,22.0,0.0,0.0,2024,southampton-fc,3,0.0,3
444,Romain Perraud,D,23.0,0.0,14300000.0,2025,southampton-fc,4,0.0,4
445,Harry Kane,F,28.0,10400000.0,0.0,2024,tottenham-hotspur-fc,6,62400000.0,3
446,Tanguy Ndombele,M,24.0,10400000.0,68400000.0,2025,tottenham-hotspur-fc,5,52000000.0,4
447,Heung-Min Son,F,29.0,7280000.0,25500000.0,2025,tottenham-hotspur-fc,6,43680000.0,4
448,Hugo Lloris,GK,34.0,5200000.0,10710000.0,2022,tottenham-hotspur-fc,6,31200000.0,1
449,Dele Alli,M,25.0,5200000.0,5640000.0,2024,tottenham-hotspur-fc,6,31200000.0,3
450,Gareth Bale,F,32.0,31200000.0,0.0,0,tottenham-hotspur-fc,1,31200000.0,-2021
451,Pierre-Emile Hojbjerg,M,25.0,5300000.0,18260000.0,2025,tottenham-hotspur-fc,5,26500000.0,4
452,Steven Bergwijn,F,23.0,3800000.0,33000000.0,2025,tottenham-hotspur-fc,6,22800000.0,4
453,Lucas Moura,M,28.0,4160000.0,25560000.0,2024,tottenham-hotspur-fc,5,20800000.0,3
454,Davinson Sanchez,D,25.0,3380000.0,36680000.0,2024,tottenham-hotspur-fc,6,20280000.0,3
455,Serge Aurier,D,28.0,3640000.0,22500000.0,2022,tottenham-hotspur-fc,5,18200000.0,1
456,Giovani Lo Celso,M,25.0,3640000.0,35200000.0,2025,tottenham-hotspur-fc,5,18200000.0,4
457,Moussa Sissoko,M,31.0,4160000.0,29750000.0,2023,tottenham-hotspur-fc,4,16640000.0,2
458,Ben Davies,D,28.0,3120000.0,10750000.0,2024,tottenham-hotspur-fc,5,15600000.0,3
459,Eric Dier,M,27.0,3755200.0,4250000.0,2024,tottenham-hotspur-fc,4,15020800.0,3
460,Matt Doherty,D,29.0,3400000.0,18480000.0,2024,tottenham-hotspur-fc,4,13600000.0,3
461,Harry Winks,M,25.0,2600000.0,0.0,2024,tottenham-hotspur-fc,5,13000000.0,3
462,Sergio Reguilón,D,24.0,2500000.0,33000000.0,2025,tottenham-hotspur-fc,5,12500000.0,4
463,Jack Clarke,F,20.0,1600000.0,12540000.0,2023,tottenham-hotspur-fc,4,6400000.0,2
464,Japhet Tanganga,D,22.0,1200000.0,0.0,2025,tottenham-hotspur-fc,5,6000000.0,4
465,Joe Hart,GK,34.0,2700000.0,0.0,2022,tottenham-hotspur-fc,2,5400000.0,1
466,Joe Rodon,D,23.0,500000.0,13310000.0,2025,tottenham-hotspur-fc,5,2500000.0,4
467,Alfie Whiteman,GK,22.0,200000.0,0.0,2022,tottenham-hotspur-fc,3,600000.0,1
468,Michel Vorm,GK,37.0,0.0,4840000.0,0,tottenham-hotspur-fc,0,0.0,-2021
469,Ryan Sessegnon,M,21.0,0.0,30780000.0,2025,tottenham-hotspur-fc,6,0.0,4
470,Oliver Skipp,M,20.0,0.0,0.0,2024,tottenham-hotspur-fc,4,0.0,3
471,Gedson Fernandes,M,22.0,0.0,0.0,0,tottenham-hotspur-fc,1,0.0,-2021
472,Carlos Vinícius,F,26.0,0.0,0.0,0,tottenham-hotspur-fc,1,0.0,-2021
473,Bryan Gil,F,20.0,0.0,27500000.0,2026,tottenham-hotspur-fc,5,0.0,5
474,Pierluigi Gollini,GK,26.0,0.0,0.0,2022,tottenham-hotspur-fc,1,0.0,1
475,Andre Gray,F,30.0,3640000.0,18400000.0,2022,watford,5,18200000.0,1
476,Tom Cleverley,M,31.0,2600000.0,7910000.0,2022,watford,5,13000000.0,1
477,Nathaniel Chalobah,M,26.0,1820000.0,0.0,2022,watford,5,9100000.0,1
478,Étienne Capoue,M,33.0,2080000.0,6300000.0,2022,watford,4,8320000.0,1
479,Will Hughes,M,26.0,1560000.0,7740000.0,2022,watford,5,7800000.0,1
480,Adam Masina,D,27.0,1456000.0,4500000.0,2023,watford,5,7280000.0,2
481,Isaac Success,F,25.0,1560000.0,13200000.0,2023,watford,4,6240000.0,2
482,Marc Navarro,D,26.0,1196000.0,1800000.0,2023,watford,5,5980000.0,2
483,Craig Cathcart,D,32.0,1195000.0,0.0,2023,watford,4,4780000.0,2
484,Adalberto Peñaranda,F,24.0,936000.0,9500000.0,2023,watford,5,4680000.0,2
485,Ken Sema,M,27.0,780000.0,1996000.0,2023,watford,5,3900000.0,2
486,Domingos Quina,M,21.0,416000.0,990000.0,2022,watford,4,1664000.0,1
487,Pontus Dahlberg,GK,22.0,156000.0,3510000.0,2023,watford,6,936000.0,2
488,Andre Carrillo,M,30.0,884000.0,0.0,0,watford,1,884000.0,-2021
489,Danny Rose,D,31.0,0.0,0.0,2023,watford,2,0.0,2
490,Ben Foster,GK,38.0,0.0,0.0,2022,watford,2,0.0,1
491,Ashley Fletcher,F,25.0,0.0,0.0,2026,watford,5,0.0,5
492,Jorge Segura,D,24.0,0.0,0.0,2022,watford,1,0.0,1
493,Joao Pedro,F,19.0,0.0,440000.0,2025,watford,6,0.0,4
494,Tom Dele-Bashiru,M,21.0,0.0,0.0,2025,watford,6,0.0,4
495,Kwasi Sibo,M,23.0,0.0,0.0,2022,watford,4,0.0,1
496,Ismaila Sarr,F,23.0,0.0,34200000.0,2024,watford,5,0.0,3
497,Ignacio Pussetto,F,25.0,0.0,0.0,0,watford,0,0.0,-2021
498,Jeremy Ngakia,D,20.0,0.0,0.0,0,watford,0,0.0,-2021
499,Imran Louza,M,22.0,0.0,0.0,2026,watford,5,0.0,5
500,Emmanuel Dennis,F,23.0,0.0,4400000.0,0,watford,0,0.0,-2021
501,Mattie Pollock,D,19.0,0.0,330000.0,2026,watford,5,0.0,5
502,Kwadwo Baah,F,18.0,0.0,0.0,2026,watford,5,0.0,5
503,Jared Bowen,F,24.0,5000000.0,23430000.0,2025,west-ham-united-fc,6,30000000.0,4
504,Andriy Yarmolenko,F,31.0,5980000.0,17700000.0,2024,west-ham-united-fc,4,23920000.0,3
505,Winston Reid,D,33.0,3640000.0,3570000.0,2023,west-ham-united-fc,6,21840000.0,2
506,Angelo Ogbonna,D,33.0,3640000.0,9350000.0,2022,west-ham-united-fc,5,18200000.0,1
507,Pablo Fornals,M,25.0,3500000.0,31920000.0,2025,west-ham-united-fc,5,17500000.0,4
508,Issa Diop,D,24.0,3484000.0,21900000.0,2023,west-ham-united-fc,5,17420000.0,2
509,Manuel Lanzini,M,28.0,3640000.0,10200000.0,2023,west-ham-united-fc,4,14560000.0,2
510,Michail Antonio,M,31.0,3640000.0,8080000.0,2023,west-ham-united-fc,4,14560000.0,2
511,Tomas Soucek,M,26.0,3500000.0,17820000.0,2024,west-ham-united-fc,4,14000000.0,3
512,Arthur Masuaku,D,27.0,2080000.0,6040000.0,2026,west-ham-united-fc,5,10400000.0,5
513,Lukasz Fabianski,GK,36.0,3380000.0,7000000.0,2022,west-ham-united-fc,3,10140000.0,1
514,Darren Randolph,GK,34.0,2100000.0,5170000.0,2023,west-ham-united-fc,4,8400000.0,2
515,Ryan Fredericks,D,28.0,2080000.0,0.0,2022,west-ham-united-fc,4,8320000.0,1
516,Saïd Benrahma,F,25.0,1200000.0,25410000.0,2026,west-ham-united-fc,6,7200000.0,5
517,Goncalo Cardoso,D,20.0,1200000.0,3420000.0,2025,west-ham-united-fc,5,6000000.0,4
518,Mark Noble,M,34.0,2600000.0,0.0,2022,west-ham-united-fc,2,5200000.0,1
519,Vladimir Coufal,D,28.0,1600000.0,6600000.0,2025,west-ham-united-fc,3,4800000.0,4
520,Ben Johnson,D,21.0,1000000.0,0.0,2022,west-ham-united-fc,3,3000000.0,1
521,Declan Rice,D,22.0,156000.0,0.0,2025,west-ham-united-fc,5,780000.0,4
522,Craig Dawson,D,31.0,0.0,2590000.0,2023,west-ham-united-fc,2,0.0,2
523,Joao Mario,M,28.0,0.0,0.0,0,west-ham-united-fc,1,0.0,-2021
524,Jordan Hugill,F,29.0,0.0,9180000.0,2022,west-ham-united-fc,5,0.0,1
525,David Martin,GK,35.0,0.0,0.0,2022,west-ham-united-fc,1,0.0,1
526,Frederik Alves,D,21.0,0.0,1760000.0,2024,west-ham-united-fc,4,0.0,3
527,Pierre Ekwah,M,19.0,0.0,0.0,2025,west-ham-united-fc,3,0.0,4
528,Armstrong Oko-Flex,F,19.0,0.0,0.0,2024,west-ham-united-fc,2,0.0,3
529,Conor Coventry,M,21.0,0.0,0.0,2023,west-ham-united-fc,2,0.0,2
530,Fabio Silva,F,19.0,4160000.0,44000000.0,2025,wolverhampton-wanderers-fc,5,20800000.0,4
531,Daniel Podence,F,25.0,3120000.0,21560000.0,2024,wolverhampton-wanderers-fc,5,15600000.0,3
532,Patrick Cutrone,F,23.0,3272000.0,20520000.0,2023,wolverhampton-wanderers-fc,4,13088000.0,2
533,Ruben Neves,M,24.0,2600000.0,0.0,2023,wolverhampton-wanderers-fc,5,13000000.0,2
534,Pedro Neto,F,21.0,2600000.0,20860000.0,2025,wolverhampton-wanderers-fc,5,13000000.0,4
535,Nelson Semedo,D,27.0,4000000.0,33000000.0,2025,wolverhampton-wanderers-fc,3,12000000.0,4
536,Adama Traore,F,25.0,2236000.0,18000000.0,2023,wolverhampton-wanderers-fc,5,11180000.0,2
537,Ki-Jana Hoever,D,19.0,2100000.0,10780000.0,2025,wolverhampton-wanderers-fc,5,10500000.0,4
538,Jonny Castro,D,27.0,1907000.0,0.0,2023,wolverhampton-wanderers-fc,5,9535000.0,2
539,Raul Jimenez,F,30.0,2144000.0,43320000.0,2024,wolverhampton-wanderers-fc,4,8576000.0,3
540,Oskar Buur,D,23.0,2000000.0,0.0,2023,wolverhampton-wanderers-fc,4,8000000.0,2
541,Ruben Vinagre,D,22.0,1560000.0,0.0,2024,wolverhampton-wanderers-fc,5,7800000.0,3
542,Leo Bonatini,F,27.0,1820000.0,3500000.0,2022,wolverhampton-wanderers-fc,4,7280000.0,1
543,Conor Coady,D,28.0,858000.0,0.0,2025,wolverhampton-wanderers-fc,5,4290000.0,4
544,Leonardo Campana,F,21.0,1040000.0,0.0,2023,wolverhampton-wanderers-fc,4,4160000.0,2
545,Fernando Marçal,D,32.0,1820000.0,2200000.0,2022,wolverhampton-wanderers-fc,2,3640000.0,1
546,Rayan Aït Nouri,D,20.0,1900000.0,0.0,0,wolverhampton-wanderers-fc,1,1900000.0,-2021
547,Morgan Gibbs-White,M,21.0,78000.0,0.0,2023,wolverhampton-wanderers-fc,5,390000.0,2
548,Jose Moutinho,M,34.0,0.0,5000000.0,2022,wolverhampton-wanderers-fc,3,0.0,1
549,John Ruddy,GK,34.0,0.0,0.0,2022,wolverhampton-wanderers-fc,1,0.0,1
550,Connor Ronan,M,23.0,0.0,0.0,2024,wolverhampton-wanderers-fc,2,0.0,3
551,Rafa Mir,F,24.0,0.0,1781000.0,2022,wolverhampton-wanderers-fc,5,0.0,1
552,Leander Dendoncker,M,26.0,0.0,15390000.0,2024,wolverhampton-wanderers-fc,3,0.0,3
553,Bruno Jordao,M,22.0,0.0,10490000.0,2024,wolverhampton-wanderers-fc,5,0.0,3
554,Matija Sarkic,GK,24.0,0.0,0.0,2023,wolverhampton-wanderers-fc,3,0.0,2
555,Luke Matheson,D,18.0,0.0,1210000.0,2022,wolverhampton-wanderers-fc,3,0.0,1
556,Max Kilman,D,24.0,0.0,0.0,2025,wolverhampton-wanderers-fc,5,0.0,4
557,Willian José,F,,0.0,0.0,0,wolverhampton-wanderers-fc,0,0.0,-2021
558,Jonny Otto,D,27.0,0.0,0.0,2025,wolverhampton-wanderers-fc,5,0.0,4
559,Yerson Mosquera,D,20.0,0.0,5720000.0,2026,wolverhampton-wanderers-fc,5,0.0,5
560,Francisco Trincão,F,21.0,0.0,0.0,2022,wolverhampton-wanderers-fc,1,0.0,1
561,Bendegúz Bolla,D,21.0,0.0,2200000.0,2022,wolverhampton-wanderers-fc,1,0.0,1
562,José Sá,GK,28.0,0.0,8800000.0,2026,wolverhampton-wanderers-fc,5,0.0,5
